img_name,img_1,img_2,img_3,txt_1,txt_2,txt_3
Acorn,C:\\Users\\que_d\\Documents\\McGill\\LepageLab\\psychopyExperiment_github\\PictureIdentificationTask\\stimuli\\YN_Acorn_img1.png,C:\\Users\\que_d\\Documents\\McGill\\LepageLab\\psychopyExperiment_github\\PictureIdentificationTask\\stimuli\\YN_Acorn_img2.png,C:\\Users\\que_d\\Documents\\McGill\\LepageLab\\psychopyExperiment_github\\PictureIdentificationTask\\stimuli\\Acorn_img3.png,Nuage,Nuage,Gland
Airplane,C:\\Users\\que_d\\Documents\\McGill\\LepageLab\\psychopyExperiment_github\\PictureIdentificationTask\\stimuli\\NY_airplane_img1.png,C:\\Users\\que_d\\Documents\\McGill\\LepageLab\\psychopyExperiment_github\\PictureIdentificationTask\\stimuli\\NY_airplane_img2.png,C:\\Users\\que_d\\Documents\\McGill\\LepageLab\\psychopyExperiment_github\\PictureIdentificationTask\\stimuli\\airplane_img3.png,Avion,Avion,Avion
Alligator,C:\\Users\\que_d\\Documents\\McGill\\LepageLab\\psychopyExperiment_github\\PictureIdentificationTask\\stimuli\\YY_alligator_img1.png,C:\\Users\\que_d\\Documents\\McGill\\LepageLab\\psychopyExperiment_github\\PictureIdentificationTask\\stimuli\\YY_alligator_img2.png,C:\\Users\\que_d\\Documents\\McGill\\LepageLab\\psychopyExperiment_github\\PictureIdentificationTask\\stimuli\\alligator_img3.png,Alligator,Alligator,Alligator
Anchor,C:\\Users\\que_d\\Documents\\McGill\\LepageLab\\psychopyExperiment_github\\PictureIdentificationTask\\stimuli\\NY_anchor_img1.png,C:\\Users\\que_d\\Documents\\McGill\\LepageLab\\psychopyExperiment_github\\PictureIdentificationTask\\stimuli\\NY_anchor_img2.png,C:\\Users\\que_d\\Documents\\McGill\\LepageLab\\psychopyExperiment_github\\PictureIdentificationTask\\stimuli\\anchor_img3.png,Ancre,Ancre,Ancre
Angel,C:\\Users\\que_d\\Documents\\McGill\\LepageLab\\psychopyExperiment_github\\PictureIdentificationTask\\stimuli\\NN_angel_img1.png,C:\\Users\\que_d\\Documents\\McGill\\LepageLab\\psychopyExperiment_github\\PictureIdentificationTask\\stimuli\\NN_angel_img2.png,C:\\Users\\que_d\\Documents\\McGill\\LepageLab\\psychopyExperiment_github\\PictureIdentificationTask\\stimuli\\angel_img3.png,Lait,Lait,Ange
Apple,C:\\Users\\que_d\\Documents\\McGill\\LepageLab\\psychopyExperiment_github\\PictureIdentificationTask\\stimuli\\YN_apple_img1.png,C:\\Users\\que_d\\Documents\\McGill\\LepageLab\\psychopyExperiment_github\\PictureIdentificationTask\\stimuli\\YN_apple_img2.png,C:\\Users\\que_d\\Documents\\McGill\\LepageLab\\psychopyExperiment_github\\PictureIdentificationTask\\stimuli\\apple_img3.png,Tête,Tête,Pomme
Backpack,C:\\Users\\que_d\\Documents\\McGill\\LepageLab\\psychopyExperiment_github\\PictureIdentificationTask\\stimuli\\NY_backpack_img1.png,C:\\Users\\que_d\\Documents\\McGill\\LepageLab\\psychopyExperiment_github\\PictureIdentificationTask\\stimuli\\NY_backpack_img2.png,C:\\Users\\que_d\\Documents\\McGill\\LepageLab\\psychopyExperiment_github\\PictureIdentificationTask\\stimuli\\backpack_img3.png,Sac à dos,Sac à dos,Sac à dos
Bath Tub,C:\\Users\\que_d\\Documents\\McGill\\LepageLab\\psychopyExperiment_github\\PictureIdentificationTask\\stimuli\\YN_bath tub_img1.png,C:\\Users\\que_d\\Documents\\McGill\\LepageLab\\psychopyExperiment_github\\PictureIdentificationTask\\stimuli\\YN_bath tub_img2.png,C:\\Users\\que_d\\Documents\\McGill\\LepageLab\\psychopyExperiment_github\\PictureIdentificationTask\\stimuli\\bath tub_img3.png,Lampe,Lampe,Bain
Beaver,C:\\Users\\que_d\\Documents\\McGill\\LepageLab\\psychopyExperiment_github\\PictureIdentificationTask\\stimuli\\YN_beaver_img1.png,C:\\Users\\que_d\\Documents\\McGill\\LepageLab\\psychopyExperiment_github\\PictureIdentificationTask\\stimuli\\YN_beaver_img2.png,C:\\Users\\que_d\\Documents\\McGill\\LepageLab\\psychopyExperiment_github\\PictureIdentificationTask\\stimuli\\beaver_img3.png,Chien,Chien,Castor
Bed,C:\\Users\\que_d\\Documents\\McGill\\LepageLab\\psychopyExperiment_github\\PictureIdentificationTask\\stimuli\\NY_bed_img1.png,C:\\Users\\que_d\\Documents\\McGill\\LepageLab\\psychopyExperiment_github\\PictureIdentificationTask\\stimuli\\NY_bed_img2.png,C:\\Users\\que_d\\Documents\\McGill\\LepageLab\\psychopyExperiment_github\\PictureIdentificationTask\\stimuli\\bed_img3.png,Lit,Lit,Lit
Beehive,C:\\Users\\que_d\\Documents\\McGill\\LepageLab\\psychopyExperiment_github\\PictureIdentificationTask\\stimuli\\NN_beehive_img1.png,C:\\Users\\que_d\\Documents\\McGill\\LepageLab\\psychopyExperiment_github\\PictureIdentificationTask\\stimuli\\NN_beehive_img2.png,C:\\Users\\que_d\\Documents\\McGill\\LepageLab\\psychopyExperiment_github\\PictureIdentificationTask\\stimuli\\beehive_img3.png,Écureuil,Écureuil,Ruche
Bike,C:\\Users\\que_d\\Documents\\McGill\\LepageLab\\psychopyExperiment_github\\PictureIdentificationTask\\stimuli\\YY_bike_img1.png,C:\\Users\\que_d\\Documents\\McGill\\LepageLab\\psychopyExperiment_github\\PictureIdentificationTask\\stimuli\\YY_bike_img2.png,C:\\Users\\que_d\\Documents\\McGill\\LepageLab\\psychopyExperiment_github\\PictureIdentificationTask\\stimuli\\bike_img3.png,Bicyclette,Bicyclette,Bicyclette
Blender,C:\\Users\\que_d\\Documents\\McGill\\LepageLab\\psychopyExperiment_github\\PictureIdentificationTask\\stimuli\\YN_blender_img1.png,C:\\Users\\que_d\\Documents\\McGill\\LepageLab\\psychopyExperiment_github\\PictureIdentificationTask\\stimuli\\YN_blender_img2.png,C:\\Users\\que_d\\Documents\\McGill\\LepageLab\\psychopyExperiment_github\\PictureIdentificationTask\\stimuli\\blender_img3.png,Sundae,Sundae,Mélangeur
Book,C:\\Users\\que_d\\Documents\\McGill\\LepageLab\\psychopyExperiment_github\\PictureIdentificationTask\\stimuli\\YY_book_img1.png,C:\\Users\\que_d\\Documents\\McGill\\LepageLab\\psychopyExperiment_github\\PictureIdentificationTask\\stimuli\\YY_book_img2.png,C:\\Users\\que_d\\Documents\\McGill\\LepageLab\\psychopyExperiment_github\\PictureIdentificationTask\\stimuli\\book_img3.png,Livre,Livre,Livre
Butterfly,C:\\Users\\que_d\\Documents\\McGill\\LepageLab\\psychopyExperiment_github\\PictureIdentificationTask\\stimuli\\NN_butterfly_img1.png,C:\\Users\\que_d\\Documents\\McGill\\LepageLab\\psychopyExperiment_github\\PictureIdentificationTask\\stimuli\\NN_butterfly_img2.png,C:\\Users\\que_d\\Documents\\McGill\\LepageLab\\psychopyExperiment_github\\PictureIdentificationTask\\stimuli\\butterfly_img3.png,Crayon à mine,Crayon à mine,Papillon
Cactus,C:\\Users\\que_d\\Documents\\McGill\\LepageLab\\psychopyExperiment_github\\PictureIdentificationTask\\stimuli\\NY_cactus_img1.png,C:\\Users\\que_d\\Documents\\McGill\\LepageLab\\psychopyExperiment_github\\PictureIdentificationTask\\stimuli\\NY_cactus_img2.png,C:\\Users\\que_d\\Documents\\McGill\\LepageLab\\psychopyExperiment_github\\PictureIdentificationTask\\stimuli\\cactus_img3.png,Cactus,Cactus,Cactus
Cake,C:\\Users\\que_d\\Documents\\McGill\\LepageLab\\psychopyExperiment_github\\PictureIdentificationTask\\stimuli\\YY_cake_img1.png,C:\\Users\\que_d\\Documents\\McGill\\LepageLab\\psychopyExperiment_github\\PictureIdentificationTask\\stimuli\\YY_cake_img2.png,C:\\Users\\que_d\\Documents\\McGill\\LepageLab\\psychopyExperiment_github\\PictureIdentificationTask\\stimuli\\cake_img3.png,Gâteau,Gâteau,Gâteau
Calendar,C:\\Users\\que_d\\Documents\\McGill\\LepageLab\\psychopyExperiment_github\\PictureIdentificationTask\\stimuli\\YY_calendar_img1.png,C:\\Users\\que_d\\Documents\\McGill\\LepageLab\\psychopyExperiment_github\\PictureIdentificationTask\\stimuli\\YY_calendar_img2.png,C:\\Users\\que_d\\Documents\\McGill\\LepageLab\\psychopyExperiment_github\\PictureIdentificationTask\\stimuli\\calendar_img3.png,Calendrier,Calendrier,Calendrier
Canoe,C:\\Users\\que_d\\Documents\\McGill\\LepageLab\\psychopyExperiment_github\\PictureIdentificationTask\\stimuli\\YN_canoe_img1.png,C:\\Users\\que_d\\Documents\\McGill\\LepageLab\\psychopyExperiment_github\\PictureIdentificationTask\\stimuli\\YN_canoe_img2.png,C:\\Users\\que_d\\Documents\\McGill\\LepageLab\\psychopyExperiment_github\\PictureIdentificationTask\\stimuli\\canoe_img3.png,Oreiller,Oreiller,Canot
Car,C:\\Users\\que_d\\Documents\\McGill\\LepageLab\\psychopyExperiment_github\\PictureIdentificationTask\\stimuli\\NY_car_img1.png,C:\\Users\\que_d\\Documents\\McGill\\LepageLab\\psychopyExperiment_github\\PictureIdentificationTask\\stimuli\\NY_car_img2.png,C:\\Users\\que_d\\Documents\\McGill\\LepageLab\\psychopyExperiment_github\\PictureIdentificationTask\\stimuli\\car_img3.png,Voiture,Voiture,Voiture
Carousel,C:\\Users\\que_d\\Documents\\McGill\\LepageLab\\psychopyExperiment_github\\PictureIdentificationTask\\stimuli\\YN_carousel_img1.png,C:\\Users\\que_d\\Documents\\McGill\\LepageLab\\psychopyExperiment_github\\PictureIdentificationTask\\stimuli\\YN_carousel_img2.png,C:\\Users\\que_d\\Documents\\McGill\\LepageLab\\psychopyExperiment_github\\PictureIdentificationTask\\stimuli\\carousel_img3.png,Maison,Maison,Caroussel
Carrot,C:\\Users\\que_d\\Documents\\McGill\\LepageLab\\psychopyExperiment_github\\PictureIdentificationTask\\stimuli\\YY_carrot_img1.png,C:\\Users\\que_d\\Documents\\McGill\\LepageLab\\psychopyExperiment_github\\PictureIdentificationTask\\stimuli\\YY_carrot_img2.png,C:\\Users\\que_d\\Documents\\McGill\\LepageLab\\psychopyExperiment_github\\PictureIdentificationTask\\stimuli\\carrot_img3.png,Carotte,Carotte,Carotte
Cat,C:\\Users\\que_d\\Documents\\McGill\\LepageLab\\psychopyExperiment_github\\PictureIdentificationTask\\stimuli\\NN_cat_img1.png,C:\\Users\\que_d\\Documents\\McGill\\LepageLab\\psychopyExperiment_github\\PictureIdentificationTask\\stimuli\\NN_cat_img2.png,C:\\Users\\que_d\\Documents\\McGill\\LepageLab\\psychopyExperiment_github\\PictureIdentificationTask\\stimuli\\cat_img3.png,Auditorium,Auditorium,Chat
Chair,C:\\Users\\que_d\\Documents\\McGill\\LepageLab\\psychopyExperiment_github\\PictureIdentificationTask\\stimuli\\YY_chair_img1.png,C:\\Users\\que_d\\Documents\\McGill\\LepageLab\\psychopyExperiment_github\\PictureIdentificationTask\\stimuli\\YY_chair_img2.png,C:\\Users\\que_d\\Documents\\McGill\\LepageLab\\psychopyExperiment_github\\PictureIdentificationTask\\stimuli\\chair_img3.png,Chaise,Chaise,Chaise
Cheese,C:\\Users\\que_d\\Documents\\McGill\\LepageLab\\psychopyExperiment_github\\PictureIdentificationTask\\stimuli\\YY_cheese_img1.png,C:\\Users\\que_d\\Documents\\McGill\\LepageLab\\psychopyExperiment_github\\PictureIdentificationTask\\stimuli\\YY_cheese_img2.png,C:\\Users\\que_d\\Documents\\McGill\\LepageLab\\psychopyExperiment_github\\PictureIdentificationTask\\stimuli\\cheese_img3.png,Fromage,Fromage,Fromage
Coins,C:\\Users\\que_d\\Documents\\McGill\\LepageLab\\psychopyExperiment_github\\PictureIdentificationTask\\stimuli\\NY_coins_img1.png,C:\\Users\\que_d\\Documents\\McGill\\LepageLab\\psychopyExperiment_github\\PictureIdentificationTask\\stimuli\\NY_coins_img2.png,C:\\Users\\que_d\\Documents\\McGill\\LepageLab\\psychopyExperiment_github\\PictureIdentificationTask\\stimuli\\coins_img3.png,Sous,Sous,Sous
Computer,C:\\Users\\que_d\\Documents\\McGill\\LepageLab\\psychopyExperiment_github\\PictureIdentificationTask\\stimuli\\YN_computer_img1.png,C:\\Users\\que_d\\Documents\\McGill\\LepageLab\\psychopyExperiment_github\\PictureIdentificationTask\\stimuli\\YN_computer_img2.png,C:\\Users\\que_d\\Documents\\McGill\\LepageLab\\psychopyExperiment_github\\PictureIdentificationTask\\stimuli\\computer_img3.png,Théâtre,Théâtre,Ordinateur
Corn,C:\\Users\\que_d\\Documents\\McGill\\LepageLab\\psychopyExperiment_github\\PictureIdentificationTask\\stimuli\\YY_corn_img1.png,C:\\Users\\que_d\\Documents\\McGill\\LepageLab\\psychopyExperiment_github\\PictureIdentificationTask\\stimuli\\YY_corn_img2.png,C:\\Users\\que_d\\Documents\\McGill\\LepageLab\\psychopyExperiment_github\\PictureIdentificationTask\\stimuli\\corn_img3.png,Maïs,Maïs,Maïs
Crown,C:\\Users\\que_d\\Documents\\McGill\\LepageLab\\psychopyExperiment_github\\PictureIdentificationTask\\stimuli\\YY_crown_img1.png,C:\\Users\\que_d\\Documents\\McGill\\LepageLab\\psychopyExperiment_github\\PictureIdentificationTask\\stimuli\\YY_crown_img2.png,C:\\Users\\que_d\\Documents\\McGill\\LepageLab\\psychopyExperiment_github\\PictureIdentificationTask\\stimuli\\crown_img3.png,Couronne,Couronne,Couronne
Desk,C:\\Users\\que_d\\Documents\\McGill\\LepageLab\\psychopyExperiment_github\\PictureIdentificationTask\\stimuli\\YY_desk_img1.png,C:\\Users\\que_d\\Documents\\McGill\\LepageLab\\psychopyExperiment_github\\PictureIdentificationTask\\stimuli\\YY_desk_img2.png,C:\\Users\\que_d\\Documents\\McGill\\LepageLab\\psychopyExperiment_github\\PictureIdentificationTask\\stimuli\\desk_img3.png,Bureau,Bureau,Bureau
Dragonfly,C:\\Users\\que_d\\Documents\\McGill\\LepageLab\\psychopyExperiment_github\\PictureIdentificationTask\\stimuli\\NN_dragonfly_img1.png,C:\\Users\\que_d\\Documents\\McGill\\LepageLab\\psychopyExperiment_github\\PictureIdentificationTask\\stimuli\\NN_dragonfly_img2.png,C:\\Users\\que_d\\Documents\\McGill\\LepageLab\\psychopyExperiment_github\\PictureIdentificationTask\\stimuli\\dragonfly_img3.png,Divan,Divan,Libellule
Dress,C:\\Users\\que_d\\Documents\\McGill\\LepageLab\\psychopyExperiment_github\\PictureIdentificationTask\\stimuli\\YN_dress_img1.png,C:\\Users\\que_d\\Documents\\McGill\\LepageLab\\psychopyExperiment_github\\PictureIdentificationTask\\stimuli\\YN_dress_img2.png,C:\\Users\\que_d\\Documents\\McGill\\LepageLab\\psychopyExperiment_github\\PictureIdentificationTask\\stimuli\\dress_img3.png,Sapin de Noël,Sapin de Noël,Robe
Elephant,C:\\Users\\que_d\\Documents\\McGill\\LepageLab\\psychopyExperiment_github\\PictureIdentificationTask\\stimuli\\NY_elephant_img1.png,C:\\Users\\que_d\\Documents\\McGill\\LepageLab\\psychopyExperiment_github\\PictureIdentificationTask\\stimuli\\NY_elephant_img2.png,C:\\Users\\que_d\\Documents\\McGill\\LepageLab\\psychopyExperiment_github\\PictureIdentificationTask\\stimuli\\elephant_img3.png,Éléphant,Éléphant,Éléphant
Feather,C:\\Users\\que_d\\Documents\\McGill\\LepageLab\\psychopyExperiment_github\\PictureIdentificationTask\\stimuli\\NN_feather_img1.png,C:\\Users\\que_d\\Documents\\McGill\\LepageLab\\psychopyExperiment_github\\PictureIdentificationTask\\stimuli\\NN_feather_img2.png,C:\\Users\\que_d\\Documents\\McGill\\LepageLab\\psychopyExperiment_github\\PictureIdentificationTask\\stimuli\\feather_img3.png,Mouton,Mouton,Plume
Fireplace,C:\\Users\\que_d\\Documents\\McGill\\LepageLab\\psychopyExperiment_github\\PictureIdentificationTask\\stimuli\\YY_fireplace_img1.png,C:\\Users\\que_d\\Documents\\McGill\\LepageLab\\psychopyExperiment_github\\PictureIdentificationTask\\stimuli\\YY_fireplace_img2.png,C:\\Users\\que_d\\Documents\\McGill\\LepageLab\\psychopyExperiment_github\\PictureIdentificationTask\\stimuli\\fireplace_img3.png,Foyer,Foyer,Foyer
Fish,C:\\Users\\que_d\\Documents\\McGill\\LepageLab\\psychopyExperiment_github\\PictureIdentificationTask\\stimuli\\YN_fish_img1.png,C:\\Users\\que_d\\Documents\\McGill\\LepageLab\\psychopyExperiment_github\\PictureIdentificationTask\\stimuli\\YN_fish_img2.png,C:\\Users\\que_d\\Documents\\McGill\\LepageLab\\psychopyExperiment_github\\PictureIdentificationTask\\stimuli\\fish_img3.png,Œil,Œil,Poisson
Fishbowl,C:\\Users\\que_d\\Documents\\McGill\\LepageLab\\psychopyExperiment_github\\PictureIdentificationTask\\stimuli\\NY_fishbowl_img1.png,C:\\Users\\que_d\\Documents\\McGill\\LepageLab\\psychopyExperiment_github\\PictureIdentificationTask\\stimuli\\NY_fishbowl_img2.png,C:\\Users\\que_d\\Documents\\McGill\\LepageLab\\psychopyExperiment_github\\PictureIdentificationTask\\stimuli\\fishbowl_img3.png,Aquarium,Aquarium,Aquarium
Flamingo,C:\\Users\\que_d\\Documents\\McGill\\LepageLab\\psychopyExperiment_github\\PictureIdentificationTask\\stimuli\\NY_flamingo_img1.png,C:\\Users\\que_d\\Documents\\McGill\\LepageLab\\psychopyExperiment_github\\PictureIdentificationTask\\stimuli\\NY_flamingo_img2.png,C:\\Users\\que_d\\Documents\\McGill\\LepageLab\\psychopyExperiment_github\\PictureIdentificationTask\\stimuli\\flamingo_img3.png,Flamand rose,Flamand rose,Flamand rose
Flashlight,C:\\Users\\que_d\\Documents\\McGill\\LepageLab\\psychopyExperiment_github\\PictureIdentificationTask\\stimuli\\NN_flashlight_img1.png,C:\\Users\\que_d\\Documents\\McGill\\LepageLab\\psychopyExperiment_github\\PictureIdentificationTask\\stimuli\\NN_flashlight_img2.png,C:\\Users\\que_d\\Documents\\McGill\\LepageLab\\psychopyExperiment_github\\PictureIdentificationTask\\stimuli\\flashlight_img3.png,Moineau,Moineau,Lampe de poche
Foot,C:\\Users\\que_d\\Documents\\McGill\\LepageLab\\psychopyExperiment_github\\PictureIdentificationTask\\stimuli\\YN_foot_img1.png,C:\\Users\\que_d\\Documents\\McGill\\LepageLab\\psychopyExperiment_github\\PictureIdentificationTask\\stimuli\\YN_foot_img2.png,C:\\Users\\que_d\\Documents\\McGill\\LepageLab\\psychopyExperiment_github\\PictureIdentificationTask\\stimuli\\foot_img3.png,Bras,Bras,Pied
Football,C:\\Users\\que_d\\Documents\\McGill\\LepageLab\\psychopyExperiment_github\\PictureIdentificationTask\\stimuli\\NY_football_img1.png,C:\\Users\\que_d\\Documents\\McGill\\LepageLab\\psychopyExperiment_github\\PictureIdentificationTask\\stimuli\\NY_football_img2.png,C:\\Users\\que_d\\Documents\\McGill\\LepageLab\\psychopyExperiment_github\\PictureIdentificationTask\\stimuli\\football_img3.png,Ballon de football,Ballon de football,Ballon de football
Garbage Can,C:\\Users\\que_d\\Documents\\McGill\\LepageLab\\psychopyExperiment_github\\PictureIdentificationTask\\stimuli\\NN_garbage can_img1.png,C:\\Users\\que_d\\Documents\\McGill\\LepageLab\\psychopyExperiment_github\\PictureIdentificationTask\\stimuli\\NN_garbage can_img2.png,C:\\Users\\que_d\\Documents\\McGill\\LepageLab\\psychopyExperiment_github\\PictureIdentificationTask\\stimuli\\garbage can_img3.png,Nez,Nez,Poubelle
Gas Pump,C:\\Users\\que_d\\Documents\\McGill\\LepageLab\\psychopyExperiment_github\\PictureIdentificationTask\\stimuli\\YN_gas pump_img1.png,C:\\Users\\que_d\\Documents\\McGill\\LepageLab\\psychopyExperiment_github\\PictureIdentificationTask\\stimuli\\YN_gas pump_img2.png,C:\\Users\\que_d\\Documents\\McGill\\LepageLab\\psychopyExperiment_github\\PictureIdentificationTask\\stimuli\\gas pump_img3.png,Robot,Robot,Pompe à essence
Gate,C:\\Users\\que_d\\Documents\\McGill\\LepageLab\\psychopyExperiment_github\\PictureIdentificationTask\\stimuli\\NN_gate_img1.png,C:\\Users\\que_d\\Documents\\McGill\\LepageLab\\psychopyExperiment_github\\PictureIdentificationTask\\stimuli\\NN_gate_img2.png,C:\\Users\\que_d\\Documents\\McGill\\LepageLab\\psychopyExperiment_github\\PictureIdentificationTask\\stimuli\\gate_img3.png,Sauterelle,Sauterelle,Barrière
Gift,C:\\Users\\que_d\\Documents\\McGill\\LepageLab\\psychopyExperiment_github\\PictureIdentificationTask\\stimuli\\YY_gift_img1.png,C:\\Users\\que_d\\Documents\\McGill\\LepageLab\\psychopyExperiment_github\\PictureIdentificationTask\\stimuli\\YY_gift_img2.png,C:\\Users\\que_d\\Documents\\McGill\\LepageLab\\psychopyExperiment_github\\PictureIdentificationTask\\stimuli\\gift_img3.png,Cadeau,Cadeau,Cadeau
Grapes,C:\\Users\\que_d\\Documents\\McGill\\LepageLab\\psychopyExperiment_github\\PictureIdentificationTask\\stimuli\\NN_grapes_img1.png,C:\\Users\\que_d\\Documents\\McGill\\LepageLab\\psychopyExperiment_github\\PictureIdentificationTask\\stimuli\\NN_grapes_img2.png,C:\\Users\\que_d\\Documents\\McGill\\LepageLab\\psychopyExperiment_github\\PictureIdentificationTask\\stimuli\\grapes_img3.png,Pissenlit,Pissenlit,Raisins
Hamburger,C:\\Users\\que_d\\Documents\\McGill\\LepageLab\\psychopyExperiment_github\\PictureIdentificationTask\\stimuli\\NN_hamburger_img1.png,C:\\Users\\que_d\\Documents\\McGill\\LepageLab\\psychopyExperiment_github\\PictureIdentificationTask\\stimuli\\NN_hamburger_img2.png,C:\\Users\\que_d\\Documents\\McGill\\LepageLab\\psychopyExperiment_github\\PictureIdentificationTask\\stimuli\\hamburger_img3.png,Sifflet,Sifflet,Hamburger
Iron,C:\\Users\\que_d\\Documents\\McGill\\LepageLab\\psychopyExperiment_github\\PictureIdentificationTask\\stimuli\\YN_iron_img1.png,C:\\Users\\que_d\\Documents\\McGill\\LepageLab\\psychopyExperiment_github\\PictureIdentificationTask\\stimuli\\YN_iron_img2.png,C:\\Users\\que_d\\Documents\\McGill\\LepageLab\\psychopyExperiment_github\\PictureIdentificationTask\\stimuli\\iron_img3.png,Veste,Veste,Fer
Key,C:\\Users\\que_d\\Documents\\McGill\\LepageLab\\psychopyExperiment_github\\PictureIdentificationTask\\stimuli\\YY_key_img1.png,C:\\Users\\que_d\\Documents\\McGill\\LepageLab\\psychopyExperiment_github\\PictureIdentificationTask\\stimuli\\YY_key_img2.png,C:\\Users\\que_d\\Documents\\McGill\\LepageLab\\psychopyExperiment_github\\PictureIdentificationTask\\stimuli\\key_img3.png,Clé,Clé,Clé
Kite,C:\\Users\\que_d\\Documents\\McGill\\LepageLab\\psychopyExperiment_github\\PictureIdentificationTask\\stimuli\\NY_kite_img1.png,C:\\Users\\que_d\\Documents\\McGill\\LepageLab\\psychopyExperiment_github\\PictureIdentificationTask\\stimuli\\NY_kite_img2.png,C:\\Users\\que_d\\Documents\\McGill\\LepageLab\\psychopyExperiment_github\\PictureIdentificationTask\\stimuli\\kite_img3.png,Cerf-volant,Cerf-volant,Cerf-volant
Ladybug,C:\\Users\\que_d\\Documents\\McGill\\LepageLab\\psychopyExperiment_github\\PictureIdentificationTask\\stimuli\\NY_ladybug_img1.png,C:\\Users\\que_d\\Documents\\McGill\\LepageLab\\psychopyExperiment_github\\PictureIdentificationTask\\stimuli\\NY_ladybug_img2.png,C:\\Users\\que_d\\Documents\\McGill\\LepageLab\\psychopyExperiment_github\\PictureIdentificationTask\\stimuli\\ladybug_img3.png,Coccinelle,Coccinelle,Coccinelle
Lamp,C:\\Users\\que_d\\Documents\\McGill\\LepageLab\\psychopyExperiment_github\\PictureIdentificationTask\\stimuli\\YY_lamp_img1.png,C:\\Users\\que_d\\Documents\\McGill\\LepageLab\\psychopyExperiment_github\\PictureIdentificationTask\\stimuli\\YY_lamp_img2.png,C:\\Users\\que_d\\Documents\\McGill\\LepageLab\\psychopyExperiment_github\\PictureIdentificationTask\\stimuli\\lamp_img3.png,Lampe,Lampe,Lampe
Lantern,C:\\Users\\que_d\\Documents\\McGill\\LepageLab\\psychopyExperiment_github\\PictureIdentificationTask\\stimuli\\NY_lantern_img1.png,C:\\Users\\que_d\\Documents\\McGill\\LepageLab\\psychopyExperiment_github\\PictureIdentificationTask\\stimuli\\NY_lantern_img2.png,C:\\Users\\que_d\\Documents\\McGill\\LepageLab\\psychopyExperiment_github\\PictureIdentificationTask\\stimuli\\lantern_img3.png,Lanterne,Lanterne,Lanterne
Mailbox,C:\\Users\\que_d\\Documents\\McGill\\LepageLab\\psychopyExperiment_github\\PictureIdentificationTask\\stimuli\\YY_mailbox_img1.png,C:\\Users\\que_d\\Documents\\McGill\\LepageLab\\psychopyExperiment_github\\PictureIdentificationTask\\stimuli\\YY_mailbox_img2.png,C:\\Users\\que_d\\Documents\\McGill\\LepageLab\\psychopyExperiment_github\\PictureIdentificationTask\\stimuli\\mailbox_img3.png,Boîte aux lettres,Boîte aux lettres,Boîte aux lettres
Monkey,C:\\Users\\que_d\\Documents\\McGill\\LepageLab\\psychopyExperiment_github\\PictureIdentificationTask\\stimuli\\YN_monkey_img1.png,C:\\Users\\que_d\\Documents\\McGill\\LepageLab\\psychopyExperiment_github\\PictureIdentificationTask\\stimuli\\YN_monkey_img2.png,C:\\Users\\que_d\\Documents\\McGill\\LepageLab\\psychopyExperiment_github\\PictureIdentificationTask\\stimuli\\monkey_img3.png,Scorpion,Scorpion,Singe
Mouse,C:\\Users\\que_d\\Documents\\McGill\\LepageLab\\psychopyExperiment_github\\PictureIdentificationTask\\stimuli\\NY_mouse_img1.png,C:\\Users\\que_d\\Documents\\McGill\\LepageLab\\psychopyExperiment_github\\PictureIdentificationTask\\stimuli\\NY_mouse_img2.png,C:\\Users\\que_d\\Documents\\McGill\\LepageLab\\psychopyExperiment_github\\PictureIdentificationTask\\stimuli\\mouse_img3.png,Souris,Souris,Souris
Onion,C:\\Users\\que_d\\Documents\\McGill\\LepageLab\\psychopyExperiment_github\\PictureIdentificationTask\\stimuli\\NN_onion_img1.png,C:\\Users\\que_d\\Documents\\McGill\\LepageLab\\psychopyExperiment_github\\PictureIdentificationTask\\stimuli\\NN_onion_img2.png,C:\\Users\\que_d\\Documents\\McGill\\LepageLab\\psychopyExperiment_github\\PictureIdentificationTask\\stimuli\\onion_img3.png,Poire,Poire,Oignon
Palm Tree,C:\\Users\\que_d\\Documents\\McGill\\LepageLab\\psychopyExperiment_github\\PictureIdentificationTask\\stimuli\\NN_palm tree_img1.png,C:\\Users\\que_d\\Documents\\McGill\\LepageLab\\psychopyExperiment_github\\PictureIdentificationTask\\stimuli\\NN_palm tree_img2.png,C:\\Users\\que_d\\Documents\\McGill\\LepageLab\\psychopyExperiment_github\\PictureIdentificationTask\\stimuli\\palm tree_img3.png,Pudding,Pudding,Palmier
Pan,C:\\Users\\que_d\\Documents\\McGill\\LepageLab\\psychopyExperiment_github\\PictureIdentificationTask\\stimuli\\NN_pan_img1.png,C:\\Users\\que_d\\Documents\\McGill\\LepageLab\\psychopyExperiment_github\\PictureIdentificationTask\\stimuli\\NN_pan_img2.png,C:\\Users\\que_d\\Documents\\McGill\\LepageLab\\psychopyExperiment_github\\PictureIdentificationTask\\stimuli\\pan_img3.png,Chaton,Chaton,Poêle
Penguin,C:\\Users\\que_d\\Documents\\McGill\\LepageLab\\psychopyExperiment_github\\PictureIdentificationTask\\stimuli\\NY_penguin_img1.png,C:\\Users\\que_d\\Documents\\McGill\\LepageLab\\psychopyExperiment_github\\PictureIdentificationTask\\stimuli\\NY_penguin_img2.png,C:\\Users\\que_d\\Documents\\McGill\\LepageLab\\psychopyExperiment_github\\PictureIdentificationTask\\stimuli\\penguin_img3.png,Pingouin,Pingouin,Pingouin
Radio,C:\\Users\\que_d\\Documents\\McGill\\LepageLab\\psychopyExperiment_github\\PictureIdentificationTask\\stimuli\\NY_radio_img1.png,C:\\Users\\que_d\\Documents\\McGill\\LepageLab\\psychopyExperiment_github\\PictureIdentificationTask\\stimuli\\NY_radio_img2.png,C:\\Users\\que_d\\Documents\\McGill\\LepageLab\\psychopyExperiment_github\\PictureIdentificationTask\\stimuli\\radio_img3.png,Radio,Radio,Radio
Ring,C:\\Users\\que_d\\Documents\\McGill\\LepageLab\\psychopyExperiment_github\\PictureIdentificationTask\\stimuli\\NN_ring_img1.png,C:\\Users\\que_d\\Documents\\McGill\\LepageLab\\psychopyExperiment_github\\PictureIdentificationTask\\stimuli\\NN_ring_img2.png,C:\\Users\\que_d\\Documents\\McGill\\LepageLab\\psychopyExperiment_github\\PictureIdentificationTask\\stimuli\\ring_img3.png,Déjeuner,Déjeuner,Bague
Rocket,C:\\Users\\que_d\\Documents\\McGill\\LepageLab\\psychopyExperiment_github\\PictureIdentificationTask\\stimuli\\YY_rocket_img1.png,C:\\Users\\que_d\\Documents\\McGill\\LepageLab\\psychopyExperiment_github\\PictureIdentificationTask\\stimuli\\YY_rocket_img2.png,C:\\Users\\que_d\\Documents\\McGill\\LepageLab\\psychopyExperiment_github\\PictureIdentificationTask\\stimuli\\rocket_img3.png,Fusée,Fusée,Fusée
Sailboat,C:\\Users\\que_d\\Documents\\McGill\\LepageLab\\psychopyExperiment_github\\PictureIdentificationTask\\stimuli\\YN_sailboat_img1.png,C:\\Users\\que_d\\Documents\\McGill\\LepageLab\\psychopyExperiment_github\\PictureIdentificationTask\\stimuli\\YN_sailboat_img2.png,C:\\Users\\que_d\\Documents\\McGill\\LepageLab\\psychopyExperiment_github\\PictureIdentificationTask\\stimuli\\sailboat_img3.png,Terrain de golf,Terrain de golf,Voilier
Scissors,C:\\Users\\que_d\\Documents\\McGill\\LepageLab\\psychopyExperiment_github\\PictureIdentificationTask\\stimuli\\NN_scissors_img1.png,C:\\Users\\que_d\\Documents\\McGill\\LepageLab\\psychopyExperiment_github\\PictureIdentificationTask\\stimuli\\NN_scissors_img2.png,C:\\Users\\que_d\\Documents\\McGill\\LepageLab\\psychopyExperiment_github\\PictureIdentificationTask\\stimuli\\scissors_img3.png,Café,Café,Ciseaux
Snail,C:\\Users\\que_d\\Documents\\McGill\\LepageLab\\psychopyExperiment_github\\PictureIdentificationTask\\stimuli\\YN_snail_img1.png,C:\\Users\\que_d\\Documents\\McGill\\LepageLab\\psychopyExperiment_github\\PictureIdentificationTask\\stimuli\\YN_snail_img2.png,C:\\Users\\que_d\\Documents\\McGill\\LepageLab\\psychopyExperiment_github\\PictureIdentificationTask\\stimuli\\snail_img3.png,Coquillage,Coquillage,Escargot
Snake,C:\\Users\\que_d\\Documents\\McGill\\LepageLab\\psychopyExperiment_github\\PictureIdentificationTask\\stimuli\\NN_snake_img1.png,C:\\Users\\que_d\\Documents\\McGill\\LepageLab\\psychopyExperiment_github\\PictureIdentificationTask\\stimuli\\NN_snake_img2.png,C:\\Users\\que_d\\Documents\\McGill\\LepageLab\\psychopyExperiment_github\\PictureIdentificationTask\\stimuli\\snake_img3.png,Châtaigne,Châtaigne,Serpent
Strawberry,C:\\Users\\que_d\\Documents\\McGill\\LepageLab\\psychopyExperiment_github\\PictureIdentificationTask\\stimuli\\NY_strawberry_img1.png,C:\\Users\\que_d\\Documents\\McGill\\LepageLab\\psychopyExperiment_github\\PictureIdentificationTask\\stimuli\\NY_strawberry_img2.png,C:\\Users\\que_d\\Documents\\McGill\\LepageLab\\psychopyExperiment_github\\PictureIdentificationTask\\stimuli\\strawberry_img3.png,Fraise,Fraise,Fraise
Sunflower,C:\\Users\\que_d\\Documents\\McGill\\LepageLab\\psychopyExperiment_github\\PictureIdentificationTask\\stimuli\\NY_sunflower_img1.png,C:\\Users\\que_d\\Documents\\McGill\\LepageLab\\psychopyExperiment_github\\PictureIdentificationTask\\stimuli\\NY_sunflower_img2.png,C:\\Users\\que_d\\Documents\\McGill\\LepageLab\\psychopyExperiment_github\\PictureIdentificationTask\\stimuli\\sunflower_img3.png,Tournesol,Tournesol,Tournesol
Swing Set,C:\\Users\\que_d\\Documents\\McGill\\LepageLab\\psychopyExperiment_github\\PictureIdentificationTask\\stimuli\\NN_swing set_img1.png,C:\\Users\\que_d\\Documents\\McGill\\LepageLab\\psychopyExperiment_github\\PictureIdentificationTask\\stimuli\\NN_swing set_img2.png,C:\\Users\\que_d\\Documents\\McGill\\LepageLab\\psychopyExperiment_github\\PictureIdentificationTask\\stimuli\\swing set_img3.png,Étang,Étang,Balançoires
Telephone,C:\\Users\\que_d\\Documents\\McGill\\LepageLab\\psychopyExperiment_github\\PictureIdentificationTask\\stimuli\\YN_telephone_img1.png,C:\\Users\\que_d\\Documents\\McGill\\LepageLab\\psychopyExperiment_github\\PictureIdentificationTask\\stimuli\\YN_telephone_img2.png,C:\\Users\\que_d\\Documents\\McGill\\LepageLab\\psychopyExperiment_github\\PictureIdentificationTask\\stimuli\\telephone_img3.png,Bouteille d'encre,Bouteille d'encre,Téléphone
Tennis Racquet,C:\\Users\\que_d\\Documents\\McGill\\LepageLab\\psychopyExperiment_github\\PictureIdentificationTask\\stimuli\\NY_tennis racquet_img1.png,C:\\Users\\que_d\\Documents\\McGill\\LepageLab\\psychopyExperiment_github\\PictureIdentificationTask\\stimuli\\NY_tennis racquet_img2.png,C:\\Users\\que_d\\Documents\\McGill\\LepageLab\\psychopyExperiment_github\\PictureIdentificationTask\\stimuli\\tennis racquet_img3.png,Raquette de tennis,Raquette de tennis,Raquette de tennis
Tent,C:\\Users\\que_d\\Documents\\McGill\\LepageLab\\psychopyExperiment_github\\PictureIdentificationTask\\stimuli\\YY_tent_img1.png,C:\\Users\\que_d\\Documents\\McGill\\LepageLab\\psychopyExperiment_github\\PictureIdentificationTask\\stimuli\\YY_tent_img2.png,C:\\Users\\que_d\\Documents\\McGill\\LepageLab\\psychopyExperiment_github\\PictureIdentificationTask\\stimuli\\tent_img3.png,Tente,Tente,Tente
Toilet,C:\\Users\\que_d\\Documents\\McGill\\LepageLab\\psychopyExperiment_github\\PictureIdentificationTask\\stimuli\\NN_toilet_img1.png,C:\\Users\\que_d\\Documents\\McGill\\LepageLab\\psychopyExperiment_github\\PictureIdentificationTask\\stimuli\\NN_toilet_img2.png,C:\\Users\\que_d\\Documents\\McGill\\LepageLab\\psychopyExperiment_github\\PictureIdentificationTask\\stimuli\\toilet_img3.png,Vêtement,Vêtement,Toilette
Trumpet,C:\\Users\\que_d\\Documents\\McGill\\LepageLab\\psychopyExperiment_github\\PictureIdentificationTask\\stimuli\\YN_trumpet_img1.png,C:\\Users\\que_d\\Documents\\McGill\\LepageLab\\psychopyExperiment_github\\PictureIdentificationTask\\stimuli\\YN_trumpet_img2.png,C:\\Users\\que_d\\Documents\\McGill\\LepageLab\\psychopyExperiment_github\\PictureIdentificationTask\\stimuli\\trumpet_img3.png,Boucle de ceinture,Boucle de ceinture,Trompette
Turkey,C:\\Users\\que_d\\Documents\\McGill\\LepageLab\\psychopyExperiment_github\\PictureIdentificationTask\\stimuli\\NN_turkey_img1.png,C:\\Users\\que_d\\Documents\\McGill\\LepageLab\\psychopyExperiment_github\\PictureIdentificationTask\\stimuli\\NN_turkey_img2.png,C:\\Users\\que_d\\Documents\\McGill\\LepageLab\\psychopyExperiment_github\\PictureIdentificationTask\\stimuli\\turkey_img3.png,0,0,Dinde
Turtle,C:\\Users\\que_d\\Documents\\McGill\\LepageLab\\psychopyExperiment_github\\PictureIdentificationTask\\stimuli\\YN_turtle_img1.png,C:\\Users\\que_d\\Documents\\McGill\\LepageLab\\psychopyExperiment_github\\PictureIdentificationTask\\stimuli\\YN_turtle_img2.png,C:\\Users\\que_d\\Documents\\McGill\\LepageLab\\psychopyExperiment_github\\PictureIdentificationTask\\stimuli\\turtle_img3.png,Igloo,Igloo,Tortue
Umbrella,C:\\Users\\que_d\\Documents\\McGill\\LepageLab\\psychopyExperiment_github\\PictureIdentificationTask\\stimuli\\YY_umbrella_img1.png,C:\\Users\\que_d\\Documents\\McGill\\LepageLab\\psychopyExperiment_github\\PictureIdentificationTask\\stimuli\\YY_umbrella_img2.png,C:\\Users\\que_d\\Documents\\McGill\\LepageLab\\psychopyExperiment_github\\PictureIdentificationTask\\stimuli\\umbrella_img3.png,Parapluie,Parapluie,Parapluie
Washing Machine,C:\\Users\\que_d\\Documents\\McGill\\LepageLab\\psychopyExperiment_github\\PictureIdentificationTask\\stimuli\\YN_washing machine_img1.png,C:\\Users\\que_d\\Documents\\McGill\\LepageLab\\psychopyExperiment_github\\PictureIdentificationTask\\stimuli\\YN_washing machine_img2.png,C:\\Users\\que_d\\Documents\\McGill\\LepageLab\\psychopyExperiment_github\\PictureIdentificationTask\\stimuli\\washing machine_img3.png,Colis,Colis,Laveuse
Windmill,C:\\Users\\que_d\\Documents\\McGill\\LepageLab\\psychopyExperiment_github\\PictureIdentificationTask\\stimuli\\YY_windmill_img1.png,C:\\Users\\que_d\\Documents\\McGill\\LepageLab\\psychopyExperiment_github\\PictureIdentificationTask\\stimuli\\YY_windmill_img2.png,C:\\Users\\que_d\\Documents\\McGill\\LepageLab\\psychopyExperiment_github\\PictureIdentificationTask\\stimuli\\windmill_img3.png,Moulin,Moulin,Moulin
